{
  "trained_at": "2026-05-21T10:22:29",
  "total_training_seconds": 116.21,
  "triage_model": {
    "split_strategy": "GroupShuffleSplit (outer) + StratifiedGroupKFold-3 (inner)",
    "cv_accuracy_mean": 0.5984437384762024,
    "cv_accuracy_std": 0.00166370258625585,
    "cv_macro_f1_mean": 0.5041782891683442,
    "cv_macro_f1_std": 0.0029456093540476155,
    "test_accuracy": 0.5957083333333333,
    "test_macro_f1": 0.4975266730742428,
    "test_weighted_f1": 0.5948395981734665,
    "confusion_matrix": [
      [
        73,
        64,
        8,
        55,
        0
      ],
      [
        122,
        4497,
        1633,
        770,
        23
      ],
      [
        32,
        2303,
        5473,
        2097,
        159
      ],
      [
        24,
        263,
        751,
        3871,
        501
      ],
      [
        1,
        58,
        167,
        672,
        383
      ]
    ],
    "labels": [
      1,
      2,
      3,
      4,
      5
    ],
    "n_features": 298,
    "n_train": 95999,
    "n_test": 24000,
    "total_seconds": 115.73,
    "xgb_search_seconds": 98.67,
    "best_xgb_params": {
      "subsample": 1.0,
      "n_estimators": 300,
      "max_depth": 6,
      "learning_rate": 0.15,
      "colsample_bytree": 0.8
    },
    "best_xgb_cv_neg_log_loss": -0.9211436019241788
  }
}