{
  "trained_at": "2026-05-25T23:19:19",
  "total_training_seconds": 156.18,
  "triage_model": {
    "split_strategy": "GroupShuffleSplit (outer) + StratifiedGroupKFold-3 (inner)",
    "cv_accuracy_mean": 0.9960887401919784,
    "cv_accuracy_std": 0.00038352341951521156,
    "cv_macro_f1_mean": 0.992747136794598,
    "cv_macro_f1_std": 0.0006377377904742031,
    "test_accuracy": 0.9975146571501402,
    "test_macro_f1": 0.9955858468319966,
    "test_weighted_f1": 0.9975142701338263,
    "confusion_matrix": [
      [
        5487,
        26,
        7,
        4,
        5,
        0
      ],
      [
        0,
        3579,
        6,
        3,
        4,
        0
      ],
      [
        0,
        0,
        1595,
        4,
        3,
        0
      ],
      [
        0,
        0,
        0,
        1574,
        16,
        0
      ],
      [
        0,
        0,
        0,
        0,
        5544,
        0
      ],
      [
        0,
        0,
        0,
        0,
        0,
        13527
      ]
    ],
    "labels": [
      1,
      2,
      3,
      4,
      5,
      6
    ],
    "n_features": 298,
    "n_train": 125535,
    "n_test": 31384,
    "total_seconds": 155.63,
    "xgb_search_seconds": 132.39,
    "best_xgb_params": {
      "subsample": 1.0,
      "n_estimators": 300,
      "max_depth": 6,
      "learning_rate": 0.15,
      "colsample_bytree": 0.8
    },
    "best_xgb_cv_neg_log_loss": -0.03378558086046179
  }
}