{
  "trained_at": "2026-05-25T20:25:43",
  "total_training_seconds": 153.85,
  "triage_model": {
    "split_strategy": "GroupShuffleSplit (outer) + StratifiedGroupKFold-3 (inner)",
    "cv_accuracy_mean": 0.9998854156900737,
    "cv_accuracy_std": 2.946209201814879e-05,
    "cv_macro_f1_mean": 0.9997372436718649,
    "cv_macro_f1_std": 4.432411945856892e-05,
    "test_accuracy": 0.9999583333333333,
    "test_macro_f1": 0.9999494483866572,
    "test_weighted_f1": 0.9999583343746833,
    "confusion_matrix": [
      [
        3947,
        1,
        0,
        0,
        0,
        0
      ],
      [
        0,
        2830,
        0,
        0,
        0,
        0
      ],
      [
        0,
        0,
        988,
        0,
        0,
        0
      ],
      [
        0,
        0,
        0,
        1008,
        0,
        0
      ],
      [
        0,
        0,
        0,
        0,
        4781,
        0
      ],
      [
        0,
        0,
        0,
        0,
        0,
        10445
      ]
    ],
    "labels": [
      1,
      2,
      3,
      4,
      5,
      6
    ],
    "n_features": 298,
    "n_train": 95999,
    "n_test": 24000,
    "total_seconds": 153.44,
    "xgb_search_seconds": 129.74,
    "best_xgb_params": {
      "subsample": 1.0,
      "n_estimators": 300,
      "max_depth": 6,
      "learning_rate": 0.15,
      "colsample_bytree": 0.8
    },
    "best_xgb_cv_neg_log_loss": -0.0008060609091241153
  }
}