{
  "trained_at": "2026-05-25T23:31:24",
  "total_training_seconds": 161.48,
  "triage_model": {
    "split_strategy": "GroupShuffleSplit (outer) + StratifiedGroupKFold-3 (inner)",
    "cv_accuracy_mean": 0.9879874138686423,
    "cv_accuracy_std": 0.0003790298244591826,
    "cv_macro_f1_mean": 0.9798320362239205,
    "cv_macro_f1_std": 0.00046766330835360057,
    "test_accuracy": 0.9900586286005608,
    "test_macro_f1": 0.9835075810772399,
    "test_weighted_f1": 0.9900415762955505,
    "confusion_matrix": [
      [
        5487,
        27,
        11,
        3,
        3,
        0
      ],
      [
        0,
        3568,
        15,
        4,
        1,
        0
      ],
      [
        0,
        0,
        1638,
        50,
        6,
        0
      ],
      [
        0,
        0,
        3,
        1908,
        88,
        1
      ],
      [
        0,
        0,
        0,
        23,
        5744,
        75
      ],
      [
        0,
        0,
        0,
        0,
        2,
        12727
      ]
    ],
    "labels": [
      1,
      2,
      3,
      4,
      5,
      6
    ],
    "n_features": 298,
    "n_train": 125535,
    "n_test": 31384,
    "total_seconds": 160.92,
    "xgb_search_seconds": 137.37,
    "best_xgb_params": {
      "subsample": 1.0,
      "n_estimators": 300,
      "max_depth": 6,
      "learning_rate": 0.15,
      "colsample_bytree": 0.8
    },
    "best_xgb_cv_neg_log_loss": -0.08344464564402838
  }
}